-1497453589,1816795806,NaN,NaN,NaN,NaN
-1497436574,1816812818,0.341,0.295,0.461,0.164
-1497420530,1816828860,0.336,0.293,0.449,0.157
-1497403661,1816845726,NaN,NaN,NaN,NaN
-1497386647,1816862738,0.319,0.302,0.434,0.158
-1497370603,1816878780,0.319,0.299,0.423,0.152
-1497353734,1816895646,NaN,NaN,NaN,NaN
-1497336719,1816912658,0.299,0.304,0.42,0.152
-1497320674,1816928700,0.3,0.305,0.419,0.144
-1497303805,1816945566,NaN,NaN,NaN,NaN
-1497286791,1816962578,0.305,0.308,0.413,0.141
-1497270746,1816978620,0.295,0.307,0.411,0.142
-1497253873,1816995490,NaN,NaN,NaN,NaN
-1497236863,1817012498,0.285,0.3,0.409,0.143
-1497220818,1817028540,0.283,0.315,0.406,0.15
-1497203945,1817045410,NaN,NaN,NaN,NaN
-1497186935,1817062418,0.279,0.309,0.397,0.142
-1497170890,1817078460,0.288,0.295,0.396,0.146
-1497154017,1817095330,NaN,NaN,NaN,NaN
-1497137007,1817112338,0.281,0.31,0.399,0.143
-1497120962,1817128380,0.286,0.304,0.399,0.138
-1497104090,1817145250,NaN,NaN,NaN,NaN
-1497087081,1817162258,0.286,0.313,0.392,0.14
-1497071037,1817178300,0.285,0.312,0.395,0.145
-1497054165,1817195170,NaN,NaN,NaN,NaN
-1497037156,1817212178,0.28,0.304,0.397,0.139
-1497021112,1817228220,0.284,0.305,0.398,0.142
-1497004240,1817245090,NaN,NaN,NaN,NaN
-1496987231,1817262098,0.296,0.392,0.427,0.246
-1496971187,1817278140,0.295,0.453,0.444,0.301
-1496954316,1817295010,NaN,NaN,NaN,NaN
-1496937306,1817312018,0.306,0.468,0.448,0.307
-1496921263,1817328060,0.308,0.465,0.441,0.312
-1496904388,1817344934,NaN,NaN,NaN,NaN
-1496887382,1817361938,0.301,0.475,0.447,0.315
-1496871339,1817377980,0.304,0.465,0.441,0.321
-1496854464,1817394854,NaN,NaN,NaN,NaN
-1496837458,1817411858,0.305,0.461,0.449,0.302
-1496821415,1817427900,0.301,0.473,0.453,0.304
-1496804540,1817444774,NaN,NaN,NaN,NaN
-1496787534,1817461778,0.3,0.464,0.443,0.315
-1496771491,1817477820,0.308,0.46,0.444,0.325
-1496754616,1817494694,NaN,NaN,NaN,NaN
-1496737610,1817511698,0.255,0.506,0.398,0.349
-1496721568,1817527740,0.156,0.538,0.254,0.374
-1496704692,1817544614,NaN,NaN,NaN,NaN
-1496687685,1817561618,0.143,0.536,0.24,0.357
-1496671641,1817577660,0.144,0.536,0.25,0.377
-1496654765,1817594534,NaN,NaN,NaN,NaN
-1496637759,1817611538,0.144,0.531,0.246,0.378
-1496621714,1817627580,0.14,0.538,0.245,0.372
-1496604838,1817644454,NaN,NaN,NaN,NaN
-1496587832,1817661458,0.142,0.533,0.249,0.375
-1496571787,1817677500,0.144,0.55,0.246,0.377
-1496554905,1817694380,NaN,NaN,NaN,NaN
-1496537905,1817711378,0.288,0.423,0.472,0.245
-1496521860,1817727420,0.484,0.185,0.602,0.128
-1496504978,1817744300,NaN,NaN,NaN,NaN
-1496487978,1817761298,0.518,0.12,0.592,0.151
-1496471933,1817777340,0.519,0.117,0.596,0.143
-1496455047,1817794224,NaN,NaN,NaN,NaN
-1496438051,1817811218,0.514,0.122,0.594,0.142
-1496422007,1817827260,0.514,0.128,0.606,0.143
-1496405115,1817844149,NaN,NaN,NaN,NaN
-1496388124,1817861138,0.517,0.132,0.6,0.143
-1496372080,1817877180,0.52,0.132,0.6,0.139
-1496355188,1817894069,NaN,NaN,NaN,NaN
-1496338197,1817911058,0.523,0.131,0.606,0.138
-1496322153,1817927100,0.522,0.119,0.608,0.131
-1496305257,1817943993,NaN,NaN,NaN,NaN
-1496288270,1817960978,0.54,0.101,NaN,NaN
-1496272226,1817977020,0.535,0.091,0.609,0.132
-1496255331,1817993913,NaN,NaN,NaN,NaN
-1496238348,1818010898,0.542,0.094,0.602,0.135
-1496222308,1818026940,0.536,0.09,0.603,0.138
-1496205416,1818043833,NaN,NaN,NaN,NaN
-1496188433,1818060818,0.54,0.1,0.603,0.128
-1496172393,1818076860,0.533,0.096,0.605,0.135
-1496155503,1818093753,NaN,NaN,NaN,NaN
-1496138519,1818110738,0.538,0.096,0.611,0.136
-1496122479,1818126780,0.522,0.094,0.597,0.116
-1496105585,1818143677,NaN,NaN,NaN,NaN
-1496088606,1818160658,0.528,0.095,0.595,0.114
-1496072566,1818176700,0.524,0.094,0.595,0.117
-1496055671,1818193597,NaN,NaN,NaN,NaN
-1496038693,1818210578,0.531,0.093,0.596,0.112
-1496022653,1818226620,0.52,0.101,0.596,0.108
-1496005759,1818243517,NaN,NaN,NaN,NaN
-1495988780,1818260498,0.521,0.101,0.598,0.115
-1495972741,1818276540,0.523,0.1,0.598,0.118
-1495955847,1818293437,NaN,NaN,NaN,NaN
-1495938868,1818310418,0.524,0.101,0.603,0.11
-1495922829,1818326460,0.53,0.101,0.602,0.117
-1495905935,1818343357,NaN,NaN,NaN,NaN
-1495888957,1818360338,0.517,0.096,0.599,0.107
-1495872918,1818376380,0.521,0.101,0.6,0.11
-1495856024,1818393277,NaN,NaN,NaN,NaN
-1495839047,1818410258,0.526,0.095,0.6,0.113
-1495823007,1818426300,0.53,0.095,0.602,0.115
-1495806114,1818443197,NaN,NaN,NaN,NaN
-1495789137,1818460178,0.522,0.101,0.599,0.115
-1495773098,1818476220,0.526,0.11,0.597,0.12
-1495756204,1818493117,NaN,NaN,NaN,NaN
-1495739227,1818510098,0.524,0.1,0.599,0.122
-1495723188,1818526140,0.521,0.109,0.602,0.113
-1495706295,1818543037,NaN,NaN,NaN,NaN
-1495689318,1818560018,0.527,0.107,0.595,0.109
-1495673280,1818576060,0.526,0.101,0.592,0.115
-1495656386,1818592957,NaN,NaN,NaN,NaN
-1495639409,1818609938,0.524,0.098,0.598,0.121
-1495623372,1818625980,0.526,0.099,0.597,0.111
-1495606478,1818642877,NaN,NaN,NaN,NaN
-1495589501,1818659858,0.525,0.102,0.597,0.112
-1495573463,1818675900,0.523,0.106,0.593,0.119
-1495556570,1818692797,NaN,NaN,NaN,NaN
-1495539594,1818709778,0.524,0.105,0.6,0.112
-1495523556,1818725820,0.518,0.105,0.598,0.123
-1495506664,1818742717,NaN,NaN,NaN,NaN
-1495489687,1818759698,0.52,0.103,0.592,0.112
-1495473649,1818775740,0.522,0.109,0.598,0.111
-1495456757,1818792637,NaN,NaN,NaN,NaN
-1495439775,1818809618,NaN,NaN,0.596,0.105
-1495423732,1818825660,NaN,NaN,NaN,NaN
-1495406834,1818842557,NaN,NaN,NaN,NaN
-1495389902,1818859488,NaN,NaN,NaN,NaN
-1495373810,1818875580,NaN,NaN,NaN,NaN
-1495356912,1818892477,NaN,NaN,NaN,NaN
-1495340081,1818909307,NaN,NaN,NaN,NaN
-1495323887,1818925500,NaN,NaN,0.345,0.323
-1495307040,1818942347,NaN,NaN,NaN,NaN
-1495290067,1818959319,0.27,0.592,0.374,0.314
-1495273965,1818975420,0.268,0.501,0.38,0.197
-1495257167,1818992217,NaN,NaN,NaN,NaN
-1495240085,1819009298,NaN,NaN,NaN,NaN
-1495224043,1819025340,NaN,NaN,NaN,NaN
-1495207199,1819042183,NaN,NaN,NaN,NaN
-1495190163,1819059218,NaN,NaN,NaN,NaN
-1495174120,1819075260,NaN,NaN,NaN,NaN
-1495157235,1819092144,NaN,NaN,NaN,NaN
-1495140241,1819109138,NaN,NaN,NaN,NaN
-1495124198,1819125180,NaN,NaN,NaN,NaN
-1495107336,1819142041,NaN,NaN,NaN,NaN
-1495090318,1819159058,NaN,NaN,NaN,NaN
-1495074275,1819175100,NaN,NaN,NaN,NaN
-1495057428,1819191947,NaN,NaN,NaN,NaN
-1495040396,1819208978,NaN,NaN,NaN,NaN
-1495016848,1819232525,NaN,NaN,NaN,NaN
-1495000230,1819249142,NaN,NaN,NaN,NaN
-1494983244,1819266127,NaN,NaN,NaN,NaN
-1494958283,1819291087,NaN,NaN,NaN,NaN
-1494911045,1819338323,NaN,NaN,NaN,NaN
-1494894195,1819355172,NaN,NaN,NaN,NaN
-1494877218,1819372148,0.323,0.522,NaN,NaN
-1494861120,1819388245,0.215,0.3,0.32,0.12
-1494844295,1819405069,NaN,NaN,0.326,0.11
-1494827241,1819422123,0.208,0.297,0.332,0.107
-1494811198,1819438165,0.215,0.29,0.326,0.112
-1494794327,1819455035,NaN,NaN,0.322,0.104
-1494777318,1819472043,0.204,0.296,0.318,0.076
-1494761275,1819488085,0.203,0.283,0.322,0.095
-1494744359,1819505001,0.198,0.285,0.325,0.09
-1494727396,1819521963,0.199,0.293,0.328,0.087
-1494711353,1819538005,0.194,0.276,0.318,0.072
-1494694390,1819554967,NaN,NaN,0.319,0.076
-1494677473,1819571883,0.198,0.288,0.319,0.071
-1494661431,1819587925,0.191,0.284,0.316,0.073
-1494644422,1819604933,NaN,NaN,0.317,0.083
-1494627551,1819621803,NaN,NaN,NaN,NaN
-1494611508,1819637845,0.19,0.265,0.319,0.07
-1494594454,1819654899,0.188,0.273,0.317,0.073
-1494577630,1819671723,NaN,NaN,0.336,0.038
-1494561588,1819687765,0.183,0.275,NaN,NaN
-1494544487,1819704865,0.188,0.273,0.304,0.039
-1494527709,1819721643,0.196,0.272,0.321,0.055
-1494511666,1819737685,0.203,0.277,0.309,0.09
-1494494521,1819754831,NaN,NaN,NaN,NaN
-1494477788,1819771563,NaN,NaN,0.192,-0.037
-1494461746,1819787605,0.1,0.183,0.181,-0.065
-1494444553,1819804797,0.107,0.191,0.18,-0.066
-1494427867,1819821483,0.101,0.19,0.172,-0.061
-1494411825,1819837525,0.106,0.194,0.166,-0.067
-1494394587,1819854763,0.109,0.188,0.172,-0.068
-1494377947,1819871403,0.104,0.179,0.172,-0.055
-1494361904,1819887445,0.106,0.176,0.173,-0.053
-1494344666,1819904683,0.102,0.179,0.172,-0.056
-1494328026,1819921323,0.105,0.169,0.166,-0.062
-1494311984,1819937365,0.103,0.166,0.162,-0.068
-1494294746,1819954603,0.106,0.166,0.164,-0.064
-1494278106,1819971243,0.105,0.173,0.17,-0.058
-1494262064,1819987285,0.104,0.178,0.16,-0.074
-1494244826,1820004523,0.103,0.209,0.162,-0.026
-1494228185,1820021163,0.096,0.48,0.184,0.319
-1494212143,1820037205,0.102,0.537,0.197,0.367
-1494194905,1820054443,0.098,0.536,0.199,0.356
-1494178266,1820071083,0.106,0.511,0.204,0.36
-1494162223,1820087125,0.113,0.525,0.198,0.368
-1494144985,1820104363,0.118,0.521,0.193,0.369
-1494128345,1820121003,0.105,0.527,0.199,0.369
-1494112303,1820137045,0.118,0.525,0.203,0.354
-1494095066,1820154283,0.121,0.521,0.2,0.357
-1494078425,1820170923,0.121,0.518,0.196,0.362
-1494062383,1820186965,0.125,0.526,0.203,0.363
-1494045145,1820204203,0.126,0.533,0.202,0.362
-1494028505,1820220843,0.124,0.528,0.203,0.359
-1494012464,1820236885,0.119,0.523,0.202,0.372
-1493995226,1820254123,0.121,0.517,0.199,0.359
-1493978586,1820270763,0.116,0.311,0.178,0.103
-1493962544,1820286805,0.135,0.212,0.17,-0.001
-1493945306,1820304043,0.135,0.216,0.173,-0.012
-1493928667,1820320683,0.133,0.215,0.172,0.005
-1493912625,1820336725,0.137,0.222,0.171,0.001
-1493895386,1820353963,0.131,0.22,0.174,-0.0
-1493878747,1820370603,0.144,0.212,0.167,0.005
-1493862705,1820386645,0.13,0.2,0.163,0.008
-1493845467,1820403883,0.123,0.208,0.171,0.003
-1493828828,1820420523,0.14,0.214,0.178,0.008
-1493812785,1820436565,0.14,0.214,0.176,0.019
-1493795548,1820453803,0.138,0.214,0.174,0.017
-1493778908,1820470443,0.134,0.207,0.168,0.007
-1493762867,1820486485,0.125,0.182,0.161,0.007
-1493745629,1820503723,NaN,NaN,0.163,0.004
-1493728989,1820520363,0.125,0.22,0.165,0.008
-1493712947,1820536405,0.129,0.207,0.167,0.005
-1493695709,1820553643,NaN,NaN,0.166,0.007
-1493679070,1820570283,0.129,0.208,0.168,0.011
-1493663029,1820586325,0.129,0.21,0.171,-0.006
-1493645790,1820603563,0.13,0.21,0.172,0.003
-1493629151,1820620203,0.117,0.198,0.168,0.008
-1493613109,1820636245,0.126,0.214,0.172,0.007
-1493595872,1820653483,NaN,NaN,0.166,0.013
-1493579232,1820670123,0.115,0.203,0.168,0.011
-1493563190,1820686165,0.134,0.222,0.162,0.021
-1493545953,1820703403,NaN,NaN,0.162,0.025
-1493529313,1820720043,0.124,0.209,0.16,0.024
-1493513272,1820736085,0.141,0.198,0.183,0.017
-1493496035,1820753323,NaN,NaN,0.215,0.006
-1493479395,1820769963,0.213,0.147,0.285,-0.032
-1493463353,1820786005,0.223,0.141,0.279,-0.034
-1493446116,1820803243,0.223,0.143,0.281,-0.029
-1493429477,1820819883,0.217,0.162,0.287,-0.026
-1493413435,1820835925,0.21,0.144,0.281,-0.018
-1493396197,1820853163,NaN,NaN,0.274,-0.021
-1493379558,1820869803,0.225,0.135,0.285,-0.028
-1493363517,1820885845,0.219,0.144,0.284,-0.025
-1493346279,1820903083,NaN,NaN,0.28,-0.026
-1493329640,1820919723,0.215,0.148,0.283,-0.029
-1493313599,1820935765,0.213,0.134,0.287,-0.028
-1493296361,1820953003,NaN,NaN,NaN,NaN
-1493279722,1820969643,NaN,NaN,NaN,NaN
-1493263680,1820985685,NaN,NaN,NaN,NaN
-1493246443,1821002923,NaN,NaN,NaN,NaN
-1493229804,1821019563,NaN,NaN,NaN,NaN
-1493213762,1821035605,NaN,NaN,NaN,NaN
-1493196525,1821052843,NaN,NaN,NaN,NaN
-1493179886,1821069483,NaN,NaN,NaN,NaN
-1493163845,1821085525,NaN,NaN,NaN,NaN
-1493146658,1821102713,NaN,NaN,NaN,NaN
-1493129968,1821119403,NaN,NaN,NaN,NaN
-1493113927,1821135445,NaN,NaN,NaN,NaN
-1493096791,1821152582,NaN,NaN,NaN,NaN
-1493080051,1821169323,NaN,NaN,NaN,NaN
-1493064009,1821185365,NaN,NaN,NaN,NaN
-1493046923,1821202452,NaN,NaN,NaN,NaN
-1493030133,1821219243,NaN,NaN,NaN,NaN
-1493014092,1821235285,NaN,NaN,NaN,NaN
-1492997057,1821252320,NaN,NaN,NaN,NaN
-1492980214,1821269163,NaN,NaN,0.23,-0.122
-1492964171,1821285205,NaN,NaN,0.097,-0.05
-1492947186,1821302190,NaN,NaN,NaN,NaN
-1492930293,1821319083,NaN,NaN,0.045,-0.055
-1492914251,1821335125,NaN,NaN,0.038,-0.079
-1492897293,1821352083,NaN,NaN,NaN,NaN
-1492880372,1821369003,NaN,NaN,NaN,NaN
-1492864330,1821385045,NaN,NaN,NaN,NaN
-1492847404,1821401971,NaN,NaN,NaN,NaN
-1492830553,1821418822,NaN,NaN,NaN,NaN
-1492814410,1821434965,NaN,NaN,NaN,NaN
-1492797502,1821451872,NaN,NaN,NaN,NaN
-1492780734,1821468640,NaN,NaN,NaN,NaN
-1492764489,1821484885,NaN,NaN,NaN,NaN
-1492747632,1821501742,NaN,NaN,NaN,NaN
-1492730914,1821518460,NaN,NaN,NaN,NaN
-1492683758,1821565615,NaN,NaN,NaN,NaN
-1492667179,1821582194,NaN,NaN,NaN,NaN
-1492650510,1821598863,NaN,NaN,NaN,NaN
-1492633835,1821615538,NaN,NaN,NaN,NaN
-1492617308,1821632064,NaN,NaN,NaN,NaN
-1492600691,1821648681,NaN,NaN,NaN,NaN
-1492583914,1821665458,NaN,NaN,NaN,NaN
-1492558954,1821690418,NaN,NaN,NaN,NaN
-1492542477,1821706894,NaN,NaN,NaN,NaN
-1492525860,1821723511,NaN,NaN,NaN,NaN
-1492503077,1821746294,NaN,NaN,NaN,NaN
-1492471742,1821777629,NaN,NaN,NaN,NaN
-1492455313,1821794057,NaN,NaN,NaN,NaN
-1492415313,1821834057,NaN,NaN,NaN,NaN
-1492383743,1821865627,NaN,NaN,NaN,NaN
-1492358779,1821890590,NaN,NaN,NaN,NaN
-1492333819,1821915550,NaN,NaN,NaN,NaN
-1492317445,1821931924,NaN,NaN,NaN,NaN
-1492300827,1821948542,NaN,NaN,NaN,NaN
-1492277074,1821972294,NaN,NaN,NaN,NaN
-1492245741,1822003627,NaN,NaN,NaN,NaN
-1492229414,1822019954,NaN,NaN,NaN,NaN
-1492195817,1822053550,NaN,NaN,NaN,NaN
-1492170857,1822078510,NaN,NaN,NaN,NaN
-1492154584,1822094783,NaN,NaN,NaN,NaN
-1492137944,1822111423,NaN,NaN,NaN,NaN
-1492115071,1822134295,NaN,NaN,NaN,NaN
-1492098566,1822150800,NaN,NaN,NaN,NaN
-1492081880,1822167486,NaN,NaN,NaN,NaN
-1492059317,1822190049,NaN,NaN,NaN,NaN
-1492043041,1822206325,NaN,NaN,NaN,NaN
-1492026354,1822223011,NaN,NaN,NaN,NaN
-1492001394,1822247971,NaN,NaN,NaN,NaN
-1491978833,1822270532,NaN,NaN,NaN,NaN
-1491962329,1822287036,NaN,NaN,NaN,NaN
-1491945643,1822303722,NaN,NaN,NaN,NaN
-1491923315,1822326049,NaN,NaN,NaN,NaN
-1491907039,1822342325,NaN,NaN,NaN,NaN
-1491867072,1822382292,NaN,NaN,NaN,NaN
-1491850567,1822398796,NaN,NaN,NaN,NaN
-1491833881,1822415482,NaN,NaN,NaN,NaN
-1491811079,1822438284,NaN,NaN,NaN,NaN
-1491794836,1822454527,NaN,NaN,NaN,NaN
-1491754737,1822494625,NaN,NaN,NaN,NaN
-1491738242,1822511120,NaN,NaN,NaN,NaN
-1491721551,1822527811,NaN,NaN,NaN,NaN
-1491698512,1822550850,NaN,NaN,NaN,NaN
-1491682254,1822567107,NaN,NaN,NaN,NaN
-1491642734,1822606627,NaN,NaN,NaN,NaN
-1491626234,1822623127,NaN,NaN,NaN,NaN
-1491609456,1822639905,NaN,NaN,0.137,0.139
-1491592811,1822656549,NaN,NaN,0.146,0.15
-1491576323,1822673037,NaN,NaN,NaN,NaN
-1491559443,1822689917,NaN,NaN,0.142,0.154
-1491542891,1822706469,0.176,0.296,0.14,0.156
-1491526416,1822722944,NaN,NaN,NaN,NaN
-1491509430,1822739929,NaN,NaN,0.148,0.152
-1491492970,1822756389,0.221,0.374,0.259,0.159
-1491476510,1822772849,NaN,NaN,NaN,NaN
-1491459418,1822789941,NaN,NaN,NaN,NaN
-1491443050,1822806309,NaN,NaN,0.432,0.285
-1491426602,1822822756,NaN,NaN,NaN,NaN
-1491409502,1822839856,NaN,NaN,0.403,0.258
-1491393129,1822856229,0.336,0.338,0.404,0.245
-1491376692,1822872666,NaN,NaN,NaN,NaN
-1491359490,1822889868,NaN,NaN,0.408,0.248
-1491343208,1822906149,0.346,0.345,0.405,0.265
-1491326779,1822922578,NaN,NaN,NaN,NaN
-1491309476,1822939880,NaN,NaN,0.415,0.263
-1491293287,1822956069,0.347,0.352,0.41,0.261
-1491276863,1822972493,NaN,NaN,NaN,NaN
-1491259463,1822989892,NaN,NaN,0.405,0.276
-1491243365,1823005989,0.348,0.351,0.407,0.263
-1491226951,1823022403,NaN,NaN,NaN,NaN
-1491209487,1823039867,NaN,NaN,0.407,0.265
-1491193444,1823055909,0.348,0.34,0.406,0.271
-1491177030,1823072323,NaN,NaN,NaN,NaN
-1491159565,1823089787,NaN,NaN,0.409,0.274
-1491143523,1823105829,0.346,0.349,0.407,0.27
-1491127112,1823122239,NaN,NaN,NaN,NaN
-1491109644,1823139707,NaN,NaN,0.407,0.262
-1491093602,1823155749,0.348,0.344,0.413,0.264
-1491077194,1823172155,NaN,NaN,NaN,NaN
-1491059722,1823189627,NaN,NaN,0.408,0.266
-1491043680,1823205669,0.351,0.364,0.408,0.265
-1491027278,1823222070,NaN,NaN,NaN,NaN
-1491009801,1823239547,NaN,NaN,0.407,0.265
-1490993758,1823255589,0.35,0.334,0.403,0.267
-1490977356,1823271990,NaN,NaN,NaN,NaN
-1490959879,1823289467,NaN,NaN,0.409,0.269
-1490943837,1823305509,0.336,0.343,0.407,0.27
-1490927435,1823321910,NaN,NaN,NaN,NaN
-1490909957,1823339387,NaN,NaN,0.408,0.26
-1490893915,1823355429,0.341,0.34,0.412,0.263
-1490877519,1823371825,NaN,NaN,NaN,NaN
-1490860036,1823389307,NaN,NaN,0.409,0.271
-1490843994,1823405349,0.346,0.347,0.406,0.271
-1490827596,1823421745,NaN,NaN,NaN,NaN
-1490810114,1823439227,NaN,NaN,0.41,0.272
-1490794072,1823455269,0.346,0.358,0.412,0.275
-1490777675,1823471665,NaN,NaN,NaN,NaN
-1490760193,1823489147,NaN,NaN,0.407,0.276
-1490744150,1823505189,0.341,0.345,0.406,0.271
-1490727753,1823521585,NaN,NaN,NaN,NaN
-1490710271,1823539067,NaN,NaN,0.406,0.273
-1490694229,1823555109,0.341,0.348,0.4,0.274
-1490677832,1823571505,NaN,NaN,NaN,NaN
-1490660349,1823588987,NaN,NaN,0.402,0.275
-1490644307,1823605029,0.336,0.335,0.409,0.272
-1490627910,1823621425,NaN,NaN,NaN,NaN
-1490610428,1823638907,NaN,NaN,0.409,0.273
-1490594385,1823654949,0.341,0.349,0.402,0.275
-1490577988,1823671345,NaN,NaN,NaN,NaN
-1490560506,1823688827,NaN,NaN,0.412,0.274
-1490544463,1823704869,0.34,0.341,0.405,0.279
-1490528067,1823721265,NaN,NaN,NaN,NaN
-1490510584,1823738747,NaN,NaN,0.404,0.268
-1490494542,1823754789,NaN,NaN,0.404,0.27
-1490478140,1823771190,NaN,NaN,NaN,NaN
-1490460662,1823788667,NaN,NaN,0.401,0.264
-1490444620,1823804709,NaN,NaN,0.403,0.265
-1490428218,1823821110,NaN,NaN,NaN,NaN
-1490410741,1823838587,NaN,NaN,0.409,0.267
-1490394698,1823854629,0.344,0.36,0.409,0.264
-1490378296,1823871030,NaN,NaN,NaN,NaN
-1490360819,1823888507,NaN,NaN,0.402,0.27
-1490344776,1823904549,0.34,0.369,0.406,0.262
-1490328375,1823920950,NaN,NaN,NaN,NaN
-1490310897,1823938427,NaN,NaN,0.41,0.266
-1490294854,1823954469,0.304,0.361,0.374,0.255
-1490278453,1823970870,NaN,NaN,NaN,NaN
-1490260975,1823988347,NaN,NaN,0.233,0.17
-1490244933,1824004389,0.216,0.313,0.231,0.162
-1490228531,1824020790,NaN,NaN,NaN,NaN
-1490211053,1824038267,NaN,NaN,0.232,0.176
-1490195010,1824054309,0.211,0.308,0.233,0.168
-1490178609,1824070710,NaN,NaN,NaN,NaN
-1490161131,1824088187,NaN,NaN,0.228,0.164
-1490145088,1824104229,0.214,0.304,0.234,0.17
-1490128682,1824120635,NaN,NaN,NaN,NaN
-1490111209,1824138107,NaN,NaN,0.231,0.164
-1490095167,1824154149,0.211,0.3,0.225,0.159
-1490078756,1824170559,NaN,NaN,NaN,NaN
-1490061287,1824188027,NaN,NaN,0.23,0.161
-1490045244,1824204069,0.21,0.298,0.225,0.164
-1490028834,1824220479,NaN,NaN,NaN,NaN
-1490011365,1824237947,NaN,NaN,0.229,0.153
-1489995323,1824253989,0.211,0.302,0.226,0.158
-1489978908,1824270403,NaN,NaN,NaN,NaN
-1489961443,1824287867,NaN,NaN,0.232,0.155
-1489945401,1824303909,0.208,0.306,0.226,0.157
-1489928986,1824320323,NaN,NaN,NaN,NaN
-1489911522,1824337787,NaN,NaN,0.228,0.158
-1489895479,1824353829,0.203,0.308,0.227,0.158
-1489879059,1824370248,NaN,NaN,NaN,NaN
-1489861599,1824387707,NaN,NaN,0.219,0.152
-1489845557,1824403749,0.209,0.308,0.225,0.154
-1489829137,1824420168,NaN,NaN,NaN,NaN
-1489811677,1824437627,NaN,NaN,0.216,0.162
-1489795635,1824453669,0.272,0.319,0.305,0.176
-1489779210,1824470093,NaN,NaN,NaN,NaN
-1489761755,1824487547,NaN,NaN,0.385,0.219
-1489745713,1824503589,0.327,0.327,0.387,0.227
-1489729288,1824520013,NaN,NaN,NaN,NaN
-1489711833,1824537467,NaN,NaN,0.378,0.233
-1489695790,1824553509,0.329,0.338,0.379,0.24
-1489679366,1824569933,NaN,NaN,NaN,NaN
-1489661911,1824587387,NaN,NaN,0.383,0.23
-1489645868,1824603429,0.322,0.332,0.381,0.243
-1489629444,1824619853,NaN,NaN,NaN,NaN
-1489611989,1824637307,NaN,NaN,0.374,0.237
-1489595946,1824653349,0.316,0.336,0.375,0.241
-1489579521,1824669773,NaN,NaN,NaN,NaN
-1489562067,1824687227,NaN,NaN,0.384,0.241
-1489546024,1824703269,0.324,0.34,0.38,0.247
-1489529604,1824719688,NaN,NaN,NaN,NaN
-1489512145,1824737147,NaN,NaN,0.381,0.243
-1489496102,1824753189,0.326,0.34,0.379,0.237
-1489479682,1824769608,NaN,NaN,NaN,NaN
-1489462222,1824787067,NaN,NaN,0.38,0.236
-1489446180,1824803109,0.332,0.362,0.38,0.238
-1489429765,1824819523,NaN,NaN,NaN,NaN
-1489412300,1824836987,NaN,NaN,0.378,0.23
-1489396258,1824853029,0.325,0.349,0.382,0.236
-1489379842,1824869443,NaN,NaN,NaN,NaN
-1489362378,1824886907,NaN,NaN,0.389,0.234
-1489346335,1824902949,0.334,0.346,0.384,0.235
-1489329924,1824919359,NaN,NaN,NaN,NaN
-1489312456,1824936827,NaN,NaN,0.385,0.238
-1489296413,1824952869,0.331,0.359,0.383,0.236
-1489280006,1824969275,NaN,NaN,NaN,NaN
-1489262533,1824986747,NaN,NaN,0.384,0.23
-1489246491,1825002789,0.325,0.359,0.382,0.252
-1489230084,1825019195,NaN,NaN,NaN,NaN
-1489212611,1825036667,NaN,NaN,0.384,0.246
-1489196568,1825052709,0.328,0.351,0.384,0.241
-1489180166,1825069110,NaN,NaN,NaN,NaN
-1489162689,1825086587,NaN,NaN,0.388,0.249
-1489146646,1825102629,0.32,0.358,0.389,0.242
-1489130244,1825119030,NaN,NaN,NaN,NaN
-1489112766,1825136507,NaN,NaN,0.388,0.247
-1489096723,1825152549,NaN,NaN,0.385,0.246
-1489080327,1825168945,NaN,NaN,NaN,NaN
-1489062844,1825186427,NaN,NaN,0.394,0.255
-1489046801,1825202469,0.335,0.361,0.39,0.25
-1489030404,1825218865,NaN,NaN,NaN,NaN
-1489012922,1825236347,NaN,NaN,0.393,0.251
-1488996878,1825252389,0.308,0.362,0.382,0.242
-1488980487,1825268780,NaN,NaN,NaN,NaN
-1488962999,1825286267,NaN,NaN,0.22,0.197
-1488946956,1825302309,0.222,0.352,0.222,0.196
-1488930565,1825318700,NaN,NaN,NaN,NaN
-1488913076,1825336187,NaN,NaN,0.224,0.194
-1488897034,1825352229,0.214,0.344,0.226,0.194
-1488880642,1825368620,NaN,NaN,NaN,NaN
-1488863154,1825386107,NaN,NaN,0.223,0.185
-1488847112,1825402149,0.212,0.339,0.228,0.178
-1488830719,1825418540,NaN,NaN,NaN,NaN
-1488813232,1825436027,NaN,NaN,0.222,0.196
-1488797189,1825452069,NaN,NaN,NaN,NaN
-1488780797,1825468460,NaN,NaN,NaN,NaN
-1488763359,1825485897,NaN,NaN,NaN,NaN
-1488747266,1825501989,NaN,NaN,NaN,NaN
-1488730875,1825518380,NaN,NaN,NaN,NaN
-1488713539,1825535715,NaN,NaN,NaN,NaN
-1488697344,1825551909,NaN,NaN,NaN,NaN
-1488680906,1825568346,NaN,NaN,NaN,NaN
-1488663717,1825585534,NaN,NaN,0.296,0.404
-1488647421,1825601829,NaN,NaN,0.362,0.399
-1488630937,1825618312,NaN,NaN,NaN,NaN
-1488613703,1825635546,NaN,NaN,0.377,0.262
-1488597498,1825651749,0.326,0.378,0.373,0.256
-1488580996,1825668251,NaN,NaN,NaN,NaN
-1488563688,1825685558,NaN,NaN,0.375,0.264
-1488547576,1825701669,0.32,0.37,0.373,0.268
-1488531123,1825718121,NaN,NaN,NaN,NaN
-1488513696,1825735547,NaN,NaN,0.368,0.254
-1488497654,1825751589,0.325,0.391,0.368,0.258
-1488481251,1825767990,NaN,NaN,NaN,NaN
-1488463774,1825785467,NaN,NaN,0.374,0.258
-1488447730,1825801509,0.32,0.364,0.375,0.257
-1488431343,1825817896,NaN,NaN,NaN,NaN
-1488413850,1825835387,NaN,NaN,0.375,0.27
-1488397808,1825851429,0.319,0.372,0.375,0.253
-1488381421,1825867816,NaN,NaN,NaN,NaN
-1488363928,1825885307,NaN,NaN,0.38,0.267
-1488347886,1825901349,NaN,NaN,0.378,0.26
-1488331501,1825917732,NaN,NaN,NaN,NaN
-1488313997,1825935236,NaN,NaN,0.377,0.25
-1488297953,1825951278,0.319,0.361,0.375,0.253
-1488281570,1825967661,NaN,NaN,NaN,NaN
-1488264074,1825985156,NaN,NaN,0.377,0.25
-1488248031,1826001198,0.316,0.373,0.375,0.249
-1488231652,1826017576,NaN,NaN,NaN,NaN
-1488214151,1826035076,NaN,NaN,0.376,0.256
-1488198108,1826051118,0.313,0.379,0.379,0.259
-1488181733,1826067492,NaN,NaN,NaN,NaN
-1488164228,1826084996,NaN,NaN,0.265,0.189
-1488148186,1826101038,0.234,0.313,0.259,0.179
-1488131811,1826117412,NaN,NaN,NaN,NaN
-1488114307,1826134916,NaN,NaN,0.263,0.162
-1488098264,1826150958,0.234,0.325,0.256,0.172
-1488081896,1826167326,NaN,NaN,NaN,NaN
-1488064385,1826184836,NaN,NaN,0.25,0.174
-1488048343,1826200878,0.239,0.324,0.255,0.182
-1488031975,1826217246,NaN,NaN,NaN,NaN
-1488014464,1826234756,NaN,NaN,0.252,0.182
-1487998422,1826250798,0.237,0.315,0.25,0.184
-1487982053,1826267166,NaN,NaN,NaN,NaN
-1487964543,1826284676,NaN,NaN,0.253,0.178
-1487948501,1826300718,0.228,0.33,0.253,0.172
-1487932132,1826317086,NaN,NaN,NaN,NaN
-1487914622,1826334596,NaN,NaN,0.252,0.176
-1487898579,1826350638,0.231,0.317,0.258,0.182
-1487882211,1826367006,NaN,NaN,NaN,NaN
-1487864700,1826384516,NaN,NaN,0.253,0.186
-1487848658,1826400558,0.239,0.304,0.253,0.177
-1487832290,1826416926,NaN,NaN,NaN,NaN
-1487814779,1826434436,NaN,NaN,0.25,0.194
-1487798737,1826450478,0.241,0.328,0.254,0.187
-1487782368,1826466846,NaN,NaN,NaN,NaN
-1487764858,1826484356,NaN,NaN,0.25,0.183
-1487748815,1826500398,0.243,0.315,0.254,0.185
-1487732447,1826516766,NaN,NaN,NaN,NaN
-1487714937,1826534276,NaN,NaN,0.248,0.182
-1487698894,1826550318,0.236,0.31,0.246,0.172
-1487682520,1826566692,NaN,NaN,NaN,NaN
-1487665015,1826584196,NaN,NaN,0.258,0.172
-1487648973,1826600238,0.232,0.316,0.256,0.181
-1487632598,1826616612,NaN,NaN,NaN,NaN
-1487615094,1826634116,NaN,NaN,0.254,0.181
-1487599052,1826650158,0.233,0.301,0.254,0.179
-1487582677,1826666532,NaN,NaN,NaN,NaN
-1487565173,1826684036,NaN,NaN,0.255,0.177
-1487549130,1826700078,0.232,0.308,0.254,0.18
-1487532756,1826716452,NaN,NaN,NaN,NaN
-1487515251,1826733956,NaN,NaN,0.268,0.18
-1487499209,1826749998,0.236,0.306,0.263,0.18
-1487482835,1826766372,NaN,NaN,NaN,NaN
-1487465330,1826783876,NaN,NaN,0.253,0.188
-1487449288,1826799918,0.185,0.307,0.192,0.16
-1487432913,1826816292,NaN,NaN,NaN,NaN
-1487415409,1826833796,NaN,NaN,0.16,0.152
-1487399366,1826849838,0.185,0.297,0.163,0.146
-1487382988,1826866216,NaN,NaN,NaN,NaN
-1487365488,1826883716,NaN,NaN,0.167,0.153
-1487349445,1826899758,0.182,0.303,0.164,0.155
-1487333067,1826916136,NaN,NaN,NaN,NaN
-1487315566,1826933636,NaN,NaN,0.17,0.157
-1487299524,1826949678,0.188,0.293,0.173,0.152
-1487283145,1826966056,NaN,NaN,NaN,NaN
-1487265645,1826983556,NaN,NaN,0.172,0.155
-1487249612,1826999589,0.179,0.307,0.172,0.153
-1487233228,1827015972,NaN,NaN,NaN,NaN
-1487215733,1827033467,NaN,NaN,0.169,0.151
-1487199690,1827049509,0.18,0.303,0.164,0.152
-1487183307,1827065892,NaN,NaN,NaN,NaN
-1487165811,1827083387,NaN,NaN,0.166,0.151
-1487149769,1827099429,0.179,0.298,0.159,0.152
-1487133386,1827115812,NaN,NaN,NaN,NaN
-1487115890,1827133307,NaN,NaN,0.168,0.134
-1487099848,1827149349,0.178,0.306,0.148,0.141
-1487083460,1827165736,NaN,NaN,NaN,NaN
-1487065969,1827183227,NaN,NaN,0.153,0.153
-1487049926,1827199269,0.14,0.417,0.107,0.256
-1487033539,1827215656,NaN,NaN,NaN,NaN
-1487016048,1827233147,NaN,NaN,0.1,0.319
-1487000005,1827249189,0.136,0.459,0.118,0.309
-1486983614,1827265580,NaN,NaN,NaN,NaN
-1486966126,1827283067,NaN,NaN,0.104,0.311
-1486950084,1827299109,NaN,NaN,0.104,0.301
-1486933692,1827315500,NaN,NaN,NaN,NaN
-1486916205,1827332987,NaN,NaN,0.107,0.304
-1486900163,1827349029,0.133,0.461,0.104,0.306
-1486883771,1827365420,NaN,NaN,NaN,NaN
-1486866284,1827382907,NaN,NaN,0.106,0.292
-1486850241,1827398949,0.138,0.459,0.109,0.292
-1486833845,1827415345,NaN,NaN,NaN,NaN
-1486816362,1827432827,NaN,NaN,0.106,0.297
-1486800320,1827448869,0.141,0.457,0.106,0.288
-1486783924,1827465265,NaN,NaN,NaN,NaN
-1486766441,1827482747,NaN,NaN,0.103,0.302
-1486750399,1827498789,0.143,0.462,0.097,0.301
-1486734002,1827515185,NaN,NaN,NaN,NaN
-1486716520,1827532667,NaN,NaN,0.091,0.304
-1486700477,1827548709,0.139,0.458,0.089,0.313
-1486684076,1827565110,NaN,NaN,NaN,NaN
-1486666599,1827582587,NaN,NaN,0.093,0.293
-1486650556,1827598629,0.133,0.451,0.09,0.302
-1486634155,1827615030,NaN,NaN,NaN,NaN
-1486616677,1827632507,NaN,NaN,0.096,0.299
-1486600635,1827648549,0.136,0.457,0.1,0.299
-1486584233,1827664950,NaN,NaN,NaN,NaN
-1486566756,1827682427,NaN,NaN,0.096,0.287
-1486550714,1827698469,0.133,0.464,0.102,0.297
-1486534307,1827714875,NaN,NaN,NaN,NaN
-1486516835,1827732347,NaN,NaN,0.103,0.296
-1486500792,1827748389,0.139,0.461,0.11,0.291
-1486484386,1827764795,NaN,NaN,NaN,NaN
-1486466963,1827782217,NaN,NaN,NaN,NaN
-1486450871,1827798309,0.126,0.458,0.117,0.29
-1486434465,1827814715,NaN,NaN,NaN,NaN
-1486417047,1827832132,NaN,NaN,0.108,0.295
-1486400950,1827848229,0.139,0.453,0.114,0.306
-1486384543,1827864635,NaN,NaN,NaN,NaN
-1486367071,1827882107,NaN,NaN,0.095,0.242
-1486351028,1827898149,0.131,0.403,0.098,0.212
-1486334618,1827914559,NaN,NaN,NaN,NaN
-1486317150,1827932027,NaN,NaN,0.094,0.232
-1486301107,1827948069,0.134,0.4,0.089,0.217
-1486284697,1827964479,NaN,NaN,NaN,NaN
-1486267228,1827981947,NaN,NaN,0.108,0.208
-1486251186,1827997989,0.131,0.401,0.115,0.213
-1486234772,1828014403,NaN,NaN,NaN,NaN
-1486217307,1828031867,NaN,NaN,0.098,0.214
-1486201265,1828047909,0.135,0.398,0.102,0.227
-1486184850,1828064323,NaN,NaN,NaN,NaN
-1486167386,1828081787,NaN,NaN,0.109,0.221
-1486151343,1828097829,0.132,0.399,0.1,0.219
-1486134924,1828114248,NaN,NaN,NaN,NaN
-1486117465,1828131707,NaN,NaN,0.103,0.22
-1486101422,1828147749,0.129,0.403,0.101,0.219
-1486084998,1828164173,NaN,NaN,NaN,NaN
-1486067543,1828181627,NaN,NaN,0.091,0.219
-1486051501,1828197669,0.134,0.397,0.103,0.216
-1486035076,1828214093,NaN,NaN,NaN,NaN
-1486017622,1828231547,NaN,NaN,0.099,0.218
-1486001580,1828247589,0.131,0.395,0.089,0.208
-1485985150,1828264018,NaN,NaN,NaN,NaN
-1485967701,1828281467,NaN,NaN,0.095,0.217
-1485951658,1828297509,0.128,0.404,0.096,0.217
-1485935225,1828313942,NaN,NaN,NaN,NaN
-1485917779,1828331387,NaN,NaN,0.121,0.149
-1485901737,1828347429,0.152,0.314,0.125,0.142
-1485885300,1828363866,NaN,NaN,NaN,NaN
-1485867858,1828381307,NaN,NaN,0.127,0.154
-1485851816,1828397349,0.157,0.309,0.123,0.151
-1485835373,1828413791,NaN,NaN,NaN,NaN
-1485817937,1828431227,NaN,NaN,0.131,0.15
-1485801894,1828447269,0.155,0.314,0.128,0.155
-1485785447,1828463716,NaN,NaN,NaN,NaN
-1485768016,1828481147,NaN,NaN,0.126,0.149
-1485751973,1828497189,0.162,0.308,0.136,0.15
-1485735521,1828513641,NaN,NaN,NaN,NaN
-1485718094,1828531067,NaN,NaN,0.116,0.155
-1485702052,1828547109,0.155,0.318,0.123,0.14
-1485685591,1828563569,NaN,NaN,NaN,NaN
-1485668173,1828580987,NaN,NaN,0.132,0.14
-1485652131,1828597029,0.162,0.308,0.126,0.143
-1485635665,1828613494,NaN,NaN,NaN,NaN
-1485618252,1828630907,NaN,NaN,0.129,0.138
-1485602209,1828646949,0.16,0.306,0.134,0.135
-1485585734,1828663424,NaN,NaN,NaN,NaN
-1485568330,1828680827,NaN,NaN,0.136,0.131
-1485552288,1828696869,0.153,0.306,0.132,0.131
-1485535805,1828713352,NaN,NaN,NaN,NaN
-1485518409,1828730747,NaN,NaN,0.13,0.137
-1485502367,1828746789,0.159,0.298,0.131,0.134
-1485485873,1828763282,NaN,NaN,NaN,NaN
-1485468488,1828780667,NaN,NaN,0.128,0.132
-1485452445,1828796709,0.156,0.297,0.123,0.135
-1485435947,1828813207,NaN,NaN,NaN,NaN
-1485418567,1828830587,NaN,NaN,0.123,0.131
-1485402524,1828846629,0.149,0.303,0.129,0.121
-1485386026,1828863127,NaN,NaN,NaN,NaN
-1485368645,1828880507,NaN,NaN,0.127,0.121
-1485352603,1828896549,0.157,0.288,0.128,0.12
-1485336100,1828913051,NaN,NaN,NaN,NaN
-1485318724,1828930427,NaN,NaN,0.122,0.13
-1485302682,1828946469,0.15,0.303,0.122,0.13
-1485286179,1828962971,NaN,NaN,NaN,NaN
-1485268803,1828980347,NaN,NaN,0.124,0.126
-1485252760,1828996389,0.162,0.282,0.127,0.124
-1485236262,1829012887,NaN,NaN,NaN,NaN
-1485218881,1829030267,NaN,NaN,0.135,0.121
-1485202839,1829046309,0.173,0.246,0.132,0.119
-1485186341,1829062807,NaN,NaN,NaN,NaN
-1485168960,1829080187,NaN,NaN,0.13,0.114
-1485152918,1829096229,0.165,0.26,0.133,0.117
-1485136424,1829112722,NaN,NaN,NaN,NaN
-1485119039,1829130107,NaN,NaN,0.129,0.105
-1485102996,1829146149,0.17,0.253,0.13,0.106
-1485086503,1829162642,NaN,NaN,NaN,NaN
-1485069118,1829180027,NaN,NaN,0.13,0.115
-1485053075,1829196069,0.173,0.252,0.125,0.113
-1485036587,1829212557,NaN,NaN,NaN,NaN
-1485019196,1829229947,NaN,NaN,0.121,0.11
-1485003154,1829245989,0.169,0.258,0.128,0.104
-1484986665,1829262477,NaN,NaN,NaN,NaN
-1484969275,1829279867,NaN,NaN,0.133,0.11
-1484953233,1829295909,0.17,0.256,0.125,0.116
-1484936749,1829312392,NaN,NaN,NaN,NaN
-1484919355,1829329787,NaN,NaN,0.122,0.111
-1484903312,1829345829,0.174,0.252,0.125,0.109
-1484886829,1829362312,NaN,NaN,NaN,NaN
-1484869433,1829379707,NaN,NaN,0.136,0.111
-1484853391,1829395749,0.202,0.223,0.182,0.089
-1484836912,1829412228,NaN,NaN,NaN,NaN
-1484819513,1829429627,NaN,NaN,0.45,0.069
-1484803471,1829445669,0.458,0.111,0.486,0.082
-1484786991,1829462148,NaN,NaN,NaN,NaN
-1484769592,1829479547,NaN,NaN,0.489,0.083
-1484753549,1829495589,0.458,0.115,0.493,0.085
-1484737074,1829512064,NaN,NaN,NaN,NaN
-1484719672,1829529467,NaN,NaN,0.482,0.081
-1484703629,1829545509,0.457,0.124,0.483,0.081
-1484687154,1829561984,NaN,NaN,NaN,NaN
-1484669750,1829579387,NaN,NaN,0.479,0.08
-1484653708,1829595429,0.456,0.119,0.481,0.08
-1484637238,1829611899,NaN,NaN,NaN,NaN
-1484619830,1829629307,NaN,NaN,0.484,0.079
-1484603788,1829645349,0.446,0.117,0.488,0.08
-1484587317,1829661819,NaN,NaN,NaN,NaN
-1484569909,1829679227,NaN,NaN,0.234,0.079
-1484553866,1829695269,NaN,NaN,0.134,0.121
-1484537402,1829711734,NaN,NaN,NaN,NaN
-1484519988,1829729147,NaN,NaN,0.133,0.099
-1484503946,1829745189,0.184,0.239,0.13,0.101
-1484487486,1829761649,NaN,NaN,NaN,NaN
-1484470067,1829779067,NaN,NaN,0.131,0.109
-1484454026,1829795109,0.185,0.238,0.134,0.109
-1484437565,1829811569,NaN,NaN,NaN,NaN
-1484420147,1829828987,NaN,NaN,0.132,0.113
-1484404105,1829845029,NaN,NaN,NaN,NaN
-1484387648,1829861485,NaN,NaN,NaN,NaN
-1484370276,1829878857,NaN,NaN,NaN,NaN
-1484354184,1829894949,NaN,NaN,NaN,NaN
-1484337728,1829911405,NaN,NaN,NaN,NaN
-1484320457,1829928675,NaN,NaN,NaN,NaN
-1484304263,1829944869,NaN,NaN,NaN,NaN
-1484287761,1829961371,NaN,NaN,NaN,NaN
-1484270638,1829978494,NaN,NaN,NaN,NaN
-1484254343,1829994789,NaN,NaN,NaN,NaN
-1484237840,1830011291,NaN,NaN,NaN,NaN
-1484199513,1830049618,NaN,NaN,NaN,NaN
-1484183237,1830065894,NaN,NaN,NaN,NaN
-1484142729,1830106401,NaN,NaN,NaN,NaN
-1484126100,1830123030,NaN,NaN,NaN,NaN
-1484109082,1830140048,NaN,NaN,NaN,NaN
-1484086840,1830162289,NaN,NaN,NaN,NaN
-1484070564,1830178565,NaN,NaN,NaN,NaN
-1484037047,1830212082,NaN,NaN,NaN,NaN
-1483980871,1830268257,NaN,NaN,NaN,NaN
-1483949750,1830299378,NaN,NaN,NaN,NaN
-1483933221,1830315906,NaN,NaN,NaN,NaN
-1483908261,1830340866,NaN,NaN,NaN,NaN
-1483875120,1830374007,NaN,NaN,NaN,NaN
-1483841374,1830407752,NaN,NaN,NaN,NaN
-1483793124,1830456002,NaN,NaN,NaN,NaN
-1483762247,1830486878,NaN,NaN,NaN,NaN
-1483745221,1830503904,NaN,NaN,NaN,NaN
-1483728305,1830520820,NaN,NaN,NaN,NaN
-1483712523,1830536602,NaN,NaN,NaN,NaN
-1483681189,1830567935,NaN,NaN,NaN,NaN
-1483650566,1830598558,NaN,NaN,NaN,NaN
-1483633219,1830615905,NaN,NaN,NaN,NaN
-1483616257,1830632867,NaN,NaN,NaN,NaN
-1483569730,1830679393,NaN,NaN,NaN,NaN
-1483538576,1830710546,NaN,NaN,NaN,NaN
-1483521216,1830727907,NaN,NaN,NaN,NaN
-1483504161,1830744961,NaN,NaN,NaN,NaN
-1483481914,1830767208,NaN,NaN,NaN,NaN
-1483450577,1830798545,NaN,NaN,NaN,NaN
-1483433217,1830815905,NaN,NaN,NaN,NaN
-1483393686,1830855436,NaN,NaN,NaN,NaN
-1483362571,1830886550,NaN,NaN,NaN,NaN
-1483345216,1830903904,NaN,NaN,NaN,NaN
-1483328117,1830921004,NaN,NaN,NaN,NaN
-1483281861,1830967259,NaN,NaN,NaN,NaN
-1483250569,1830998551,NaN,NaN,NaN,NaN
-1483233215,1831015904,NaN,NaN,NaN,NaN
-1483216023,1831033096,NaN,NaN,NaN,NaN
-1483169916,1831079203,NaN,NaN,NaN,NaN
-1483138562,1831110557,NaN,NaN,NaN,NaN
-1483121208,1831127911,NaN,NaN,NaN,NaN
-1483103969,1831145149,NaN,NaN,NaN,NaN
-1483081662,1831167457,NaN,NaN,NaN,NaN
-1483050564,1831198554,NaN,NaN,NaN,NaN
-1483033211,1831215907,NaN,NaN,NaN,NaN
-1483015973,1831233145,NaN,NaN,NaN,NaN
-1482969717,1831279400,NaN,NaN,NaN,NaN
-1482938567,1831310550,NaN,NaN,NaN,NaN
-1482921213,1831327903,NaN,NaN,NaN,NaN
-1482903930,1831345187,NaN,NaN,NaN,NaN
-1482881665,1831367451,NaN,NaN,NaN,NaN
-1482850551,1831398565,NaN,NaN,NaN,NaN
-1482833197,1831415919,NaN,NaN,NaN,NaN
-1482815867,1831433249,NaN,NaN,NaN,NaN
-1482793659,1831455457,NaN,NaN,NaN,NaN
-1482762562,1831486553,NaN,NaN,NaN,NaN
-1482745208,1831503907,NaN,NaN,NaN,NaN
-1482727832,1831521283,NaN,NaN,NaN,NaN
-1482705582,1831543533,NaN,NaN,NaN,NaN
-1482674601,1831574514,NaN,NaN,NaN,NaN
-1482657206,1831591909,NaN,NaN,NaN,NaN
-1482639830,1831609285,NaN,NaN,NaN,NaN
-1482618062,1831631052,NaN,NaN,NaN,NaN
-1482586610,1831662504,NaN,NaN,NaN,NaN
-1482569207,1831679907,NaN,NaN,NaN,NaN
-1482551831,1831697283,NaN,NaN,NaN,NaN
-1482529677,1831719437,NaN,NaN,NaN,NaN
-1482498581,1831750533,NaN,NaN,NaN,NaN
-1482481205,1831767908,NaN,NaN,NaN,NaN
-1482463830,1831785284,NaN,NaN,NaN,NaN
-1482417988,1831831125,NaN,NaN,NaN,NaN
-1482386596,1831862517,NaN,NaN,NaN,NaN
-1482369207,1831879905,NaN,NaN,NaN,NaN
-1482351832,1831897281,NaN,NaN,NaN,NaN
-1482305753,1831943359,NaN,NaN,NaN,NaN
-1482274602,1831974510,NaN,NaN,NaN,NaN
-1482257207,1831991905,NaN,NaN,NaN,NaN
-1482239831,1832009281,NaN,NaN,NaN,NaN
-1482217460,1832031652,NaN,NaN,NaN,NaN
-1482186594,1832062518,NaN,NaN,NaN,NaN
-1482169205,1832079906,NaN,NaN,NaN,NaN
-1482151830,1832097282,NaN,NaN,NaN,NaN
-1482105966,1832143145,NaN,NaN,NaN,NaN
-1482074579,1832174532,NaN,NaN,NaN,NaN
-1482057205,1832191906,NaN,NaN,NaN,NaN
-1482039829,1832209282,NaN,NaN,NaN,NaN
-1481993630,1832255481,NaN,NaN,NaN,NaN
-1481962577,1832286533,NaN,NaN,NaN,NaN
-1481945209,1832303901,NaN,NaN,NaN,NaN
-1481927833,1832321277,NaN,NaN,NaN,NaN
-1481905136,1832343974,NaN,NaN,NaN,NaN
-1481874596,1832374514,NaN,NaN,NaN,NaN
-1481857202,1832391908,NaN,NaN,NaN,NaN
-1481839875,1832409234,NaN,NaN,NaN,NaN
-1481817603,1832431506,NaN,NaN,NaN,NaN
-1481786585,1832462525,NaN,NaN,NaN,NaN
-1481769190,1832479919,NaN,NaN,NaN,NaN
-1481729612,1832519497,NaN,NaN,NaN,NaN
-1481698597,1832550512,NaN,NaN,NaN,NaN
-1481681209,1832567900,NaN,NaN,NaN,NaN
-1481617969,1832631140,NaN,NaN,NaN,NaN
-1481586590,1832662518,NaN,NaN,NaN,NaN
-1481569203,1832679906,NaN,NaN,NaN,NaN
-1481505734,1832743374,NaN,NaN,NaN,NaN
-1481474590,1832774518,NaN,NaN,NaN,NaN
-1481457202,1832791906,NaN,NaN,NaN,NaN
-1481439830,1832809278,NaN,NaN,NaN,NaN
-1481393747,1832855361,NaN,NaN,NaN,NaN
-1481376125,1832872983,NaN,NaN,NaN,NaN
-1481358749,1832890359,NaN,NaN,0.317,0.423
-1481343577,1832905531,NaN,NaN,NaN,NaN
-1481326205,1832922903,NaN,NaN,NaN,NaN
-1481308829,1832940279,NaN,NaN,0.301,0.197
-1481293407,1832955700,NaN,NaN,0.305,0.205
-1481276326,1832972781,NaN,NaN,NaN,NaN
-1481258909,1832990199,NaN,NaN,0.308,0.187
-1481243239,1833005869,NaN,NaN,0.306,0.188
-1481226419,1833022688,NaN,NaN,NaN,NaN
-1481208988,1833040119,NaN,NaN,0.318,0.188
-1481193071,1833056037,NaN,NaN,0.324,0.187
-1481176504,1833072604,NaN,NaN,NaN,NaN
-1481159059,1833090048,NaN,NaN,0.343,0.186
-1481143017,1833106090,NaN,NaN,0.358,0.19
-1481126579,1833122528,NaN,NaN,NaN,NaN
-1481109139,1833139968,NaN,NaN,0.375,0.192
-1481093097,1833156010,NaN,NaN,0.411,0.188
-1481076664,1833172443,NaN,NaN,NaN,NaN
-1481059220,1833189888,NaN,NaN,0.494,0.149
-1481043177,1833205930,NaN,NaN,0.508,0.156
-1481026748,1833222359,NaN,NaN,NaN,NaN
-1481009299,1833239808,NaN,NaN,0.524,0.166
-1480993257,1833255850,NaN,NaN,0.528,0.169
-1480976833,1833272274,NaN,NaN,NaN,NaN
-1480959379,1833289728,NaN,NaN,0.548,0.185
-1480943337,1833305770,NaN,NaN,0.551,0.198
-1480926913,1833322194,NaN,NaN,NaN,NaN
-1480909459,1833339648,NaN,NaN,0.556,0.193
-1480893426,1833355681,NaN,NaN,NaN,NaN
-1480877002,1833372105,NaN,NaN,NaN,NaN
-1480859598,1833389509,NaN,NaN,NaN,NaN
-1480843506,1833405601,NaN,NaN,NaN,NaN
-1480827082,1833422025,NaN,NaN,NaN,NaN
-1480809778,1833439328,NaN,NaN,NaN,NaN
-1480793586,1833455521,NaN,NaN,NaN,NaN
-1480777116,1833471991,NaN,NaN,NaN,NaN
-1480759961,1833489146,NaN,NaN,NaN,NaN
-1480743666,1833505441,NaN,NaN,NaN,NaN
-1480727164,1833521943,NaN,NaN,NaN,NaN
-1480687238,1833561868,NaN,NaN,NaN,NaN
-1480670963,1833578144,NaN,NaN,NaN,NaN
-1480630612,1833618495,NaN,NaN,NaN,NaN
-1480613982,1833635124,NaN,NaN,NaN,NaN
-1480596966,1833652141,NaN,NaN,NaN,NaN
-1480574256,1833674851,NaN,NaN,NaN,NaN
-1480557979,1833691127,NaN,NaN,NaN,NaN
-1480518729,1833730378,NaN,NaN,NaN,NaN
-1480502099,1833747007,NaN,NaN,NaN,NaN
-1480484990,1833764117,NaN,NaN,NaN,NaN
-1480462019,1833787088,NaN,NaN,NaN,NaN
-1480445715,1833803391,NaN,NaN,NaN,NaN
-1480406372,1833842735,NaN,NaN,NaN,NaN
-1480389711,1833859396,NaN,NaN,NaN,NaN
-1480372542,1833876565,NaN,NaN,0.687,0.113
-1480356325,1833892782,NaN,NaN,NaN,NaN
-1480339796,1833909311,NaN,NaN,NaN,NaN
-1480322626,1833926480,NaN,NaN,NaN,NaN
